method,f1_mean,f1_std,mcc_mean,mcc_std,acc_mean,acc_std,auroc_mean,auroc_std,n_samples,n_features
HCNN_Structure,0.967962649,0.006860229,-0.02028603,0.017004563,0.493157895,0.006137844,0.502345733,0.121000397,1000,128
SPACE2_Structure,0.971120175,0.003521682,0.049389697,0.079739599,0.515263158,0.02314593,0.637621077,0.033940292,1000,128
AntiBERTa2-CSSP_Structure,0.968969354,0.005868274,0.038506307,0.072450899,0.513157895,0.022017369,0.587349928,0.086147503,1000,1024
AntiBERTy_Sequence,0.971682265,0.003344181,0.019918186,0.070828973,0.506315789,0.019381003,0.50746009,0.07612417,1000,512
ESM2_Sequence,0.970659567,0.002115405,-0.02016443,0.003553631,0.495792229,0.001292587,0.494650868,0.029222366,1000,1280
ProtT5_Sequence,0.968536646,0.001989088,-0.024545781,0.004565032,0.493692477,0.002099119,0.459746977,0.076838231,1000,1024
Immune2Vec_Sequence,0.960336077,0.006233403,0.027468817,0.083368455,0.514229815,0.038537893,0.506522825,0.082578395,1000,100