method,f1_mean,f1_std,mcc_mean,mcc_std,acc_mean,acc_std,auroc_mean,auroc_std,n_samples,n_features
SPACE2_Structure,0.652471236,0.037809947,0.228007531,0.11345789,0.614364033,0.055398061,0.652841202,0.053595075,514,128
AntiBERTy_Sequence,0.36114968,0.186750442,-0.123387219,0.079889979,0.427107832,0.050134802,0.602323442,0.056055593,514,512
ESM2_Sequence,0.452591965,0.211252697,0.035711972,0.069932288,0.502946193,0.038749133,0.474977092,0.073785495,514,1280
ProtT5_Sequence,0.426126579,0.143261346,-0.066328911,0.09762639,0.4496843,0.057984064,0.456044191,0.085820602,514,1024
Immune2Vec_Sequence,0.502494298,0.057751428,-0.049683312,0.056205244,0.464160091,0.04940338,0.479334269,0.071822158,514,100