method,ari,nmi,silhouette,inertia,calinski_harabasz,n_samples,n_features
HCNN (Structure),0.0676000184214162,0.2700173895919887,0.13772788643836975,0.03392113745212555,22.74408082345119,192,128
SPACE2 (Structure),0.07278878197267626,0.2645557302391624,0.10543012619018555,2.918848991394043,16.220960008922354,192,128
AntiBERTa2-CSSP (Structure),0.09922298753086504,0.32294506885950847,0.2123822718858719,60172.46484375,15.631490306164888,192,1024
AntiBERTy (Sequence),0.07607467749877747,0.2853537542736669,0.22970372438430786,5325.15625,17.768128491623976,192,512
